1999/12/31,1.4433,
2000/01/03,na,
2000/01/04,1.4520,
2000/01/05,1.4513,
2000/01/06,1.4571,
2000/01/07,1.4600,
2000/01/10,1.4564,
2000/01/11,1.4573,
2000/01/12,1.4547,
2000/01/13,1.4494,
2000/01/14,1.4493,
2000/01/17,1.4508,
2000/01/18,1.4501,
2000/01/19,1.4523,
2000/01/20,1.4480,
2000/01/21,1.4395,
2000/01/24,1.4400,
2000/01/25,1.4390,
2000/01/26,1.4378,
2000/01/27,1.4341,
2000/01/28,1.4483,
2000/01/31,1.4512,
2000/02/01,1.4479,
2000/02/02,1.4430,
2000/02/03,1.4413,
2000/02/04,1.4465,
2000/02/07,1.4455,
2000/02/08,1.4475,
2000/02/09,1.4444,
2000/02/10,1.4500,
2000/02/11,1.4512,
2000/02/14,1.4546,
2000/02/15,1.4582,
2000/02/16,1.4516,
2000/02/17,1.4522,
2000/02/18,1.4508,
2000/02/21,1.4533,
2000/02/22,1.4587,
2000/02/23,1.4644,
2000/02/24,1.4579,
2000/02/25,1.4504,
2000/02/28,1.4542,
2000/02/29,1.4488,
2000/03/01,1.4473,
2000/03/02,1.4537,
2000/03/03,1.4507,
2000/03/06,1.4550,
2000/03/07,1.4527,
2000/03/08,1.4589,
2000/03/09,1.4571,
2000/03/10,1.4574,
2000/03/13,1.4611,
2000/03/14,1.4629,
2000/03/15,1.4679,
2000/03/16,1.4721,
2000/03/17,1.4732,
2000/03/20,1.4701,
2000/03/21,1.4660,
2000/03/22,1.4718,
2000/03/23,1.4727,
2000/03/24,1.4649,
2000/03/27,1.4603,
2000/03/28,1.4540,
2000/03/29,1.4553,
2000/03/30,1.4548,
2000/03/31,1.4535,
2000/04/03,1.4547,
2000/04/04,1.4529,
2000/04/05,1.4545,
2000/04/06,1.4518,
2000/04/07,1.4575,
2000/04/10,1.4611,
2000/04/11,1.4639,
2000/04/12,1.4622,
2000/04/13,1.4660,
2000/04/14,1.4764,
2000/04/17,1.4848,
2000/04/18,1.4839,
2000/04/19,1.4760,
2000/04/20,1.4726,
2000/04/21,na,
2000/04/24,1.4760,
2000/04/25,1.4699,
2000/04/26,1.4756,
2000/04/27,1.4790,
2000/04/28,1.4811,
2000/05/01,1.4783,
2000/05/02,1.4854,
2000/05/03,1.4920,
2000/05/04,1.4976,
2000/05/05,1.4976,
2000/05/08,1.4925,
2000/05/09,1.4945,
2000/05/10,1.4957,
2000/05/11,1.4894,
2000/05/12,1.4870,
2000/05/15,1.4890,
2000/05/16,1.4858,
2000/05/17,1.4987,
2000/05/18,1.5005,
2000/05/19,1.4953,
2000/05/22,na,
2000/05/23,1.5035,
2000/05/24,1.5081,
2000/05/25,1.5057,
2000/05/26,1.5040,
2000/05/29,1.4984,
2000/05/30,1.5035,
2000/05/31,1.4978,
2000/06/01,1.4911,
2000/06/02,1.4780,
2000/06/05,1.4780,
2000/06/06,1.4777,
2000/06/07,1.4784,
2000/06/08,1.4802,
2000/06/09,1.4763,
2000/06/12,1.4761,
2000/06/13,1.4691,
2000/06/14,1.4694,
2000/06/15,1.4756,
2000/06/16,1.4704,
2000/06/19,1.4653,
2000/06/20,1.4706,
2000/06/21,1.4730,
2000/06/22,1.4730,
2000/06/23,1.4792,
2000/06/26,1.4821,
2000/06/27,1.4825,
2000/06/28,1.4835,
2000/06/29,1.4817,
2000/06/30,1.4793,
2000/07/03,na,
2000/07/04,1.4839,
2000/07/05,1.4907,
2000/07/06,1.4853,
2000/07/07,1.4811,
2000/07/10,1.4800,
2000/07/11,1.4782,
2000/07/12,1.4810,
2000/07/13,1.4806,
2000/07/14,1.4842,
2000/07/17,1.4810,
2000/07/18,1.4780,
2000/07/19,1.4756,
2000/07/20,1.4750,
2000/07/21,1.4715,
2000/07/24,1.4641,
2000/07/25,1.4652,
2000/07/26,1.4664,
2000/07/27,1.4708,
2000/07/28,1.4773,
2000/07/31,1.4872,
2000/08/01,1.4888,
2000/08/02,1.4810,
2000/08/03,1.4841,
2000/08/04,1.4888,
2000/08/07,na,
2000/08/08,1.4888,
2000/08/09,1.4850,
2000/08/10,1.4823,
2000/08/11,1.4838,
2000/08/14,1.4848,
2000/08/15,1.4871,
2000/08/16,1.4770,
2000/08/17,1.4757,
2000/08/18,1.4744,
2000/08/21,1.4769,
2000/08/22,1.4754,
2000/08/23,1.4875,
2000/08/24,1.4869,
2000/08/25,1.4826,
2000/08/28,1.4843,
2000/08/29,1.4870,
2000/08/30,1.4795,
2000/08/31,1.4722,
2000/09/01,1.4735,
2000/09/04,na,
2000/09/05,1.4755,
2000/09/06,1.4836,
2000/09/07,1.4775,
2000/09/08,1.4777,
2000/09/11,1.4799,
2000/09/12,1.4811,
2000/09/13,1.4835,
2000/09/14,1.4865,
2000/09/15,1.4843,
2000/09/18,1.4891,
2000/09/19,1.4878,
2000/09/20,1.4830,
2000/09/21,1.4872,
2000/09/22,1.4903,
2000/09/25,1.4889,
2000/09/26,1.4880,
2000/09/27,1.4959,
2000/09/28,1.5030,
2000/09/29,1.5070,
2000/10/02,1.5101,
2000/10/03,1.5055,
2000/10/04,1.4985,
2000/10/05,1.4954,
2000/10/06,1.5010,
2000/10/09,na,
2000/10/10,1.5011,
2000/10/11,1.5042,
2000/10/12,1.5084,
2000/10/13,1.5133,
2000/10/16,1.5191,
2000/10/17,1.5188,
2000/10/18,1.5200,
2000/10/19,1.5109,
2000/10/20,1.5129,
2000/10/23,1.5083,
2000/10/24,1.5115,
2000/10/25,1.5154,
2000/10/26,1.5185,
2000/10/27,1.5272,
2000/10/30,1.5310,
2000/10/31,1.5271,
2000/11/01,1.5265,
2000/11/02,1.5331,
2000/11/03,1.5341,
2000/11/06,1.5298,
2000/11/07,1.5316,
2000/11/08,1.5427,
2000/11/09,1.5454,
2000/11/10,1.5455,
2000/11/13,na,
2000/11/14,1.5446,
2000/11/15,1.5507,
2000/11/16,1.5523,
2000/11/17,1.5593,
2000/11/20,1.5589,
2000/11/21,1.5547,
2000/11/22,1.5476,
2000/11/23,1.5432,
2000/11/24,1.5392,
2000/11/27,1.5346,
2000/11/28,1.5369,
2000/11/29,1.5404,
2000/11/30,1.5356,
2000/12/01,1.5387,
2000/12/04,1.5458,
2000/12/05,1.5435,
2000/12/06,1.5321,
2000/12/07,1.5224,
2000/12/08,1.5193,
2000/12/11,1.5222,
2000/12/12,1.5247,
2000/12/13,1.5207,
2000/12/14,1.5169,
2000/12/15,1.5176,
2000/12/18,1.5254,
2000/12/19,1.5217,
2000/12/20,1.5219,
2000/12/21,1.5185,
2000/12/22,1.5167,
2000/12/25,na,
2000/12/26,na,
2000/12/27,1.5109,
2000/12/28,1.5071,
2000/12/29,1.5002,
2001/01/01,na,
2001/01/02,1.4963,
2001/01/03,1.4978,
2001/01/04,1.4983,
2001/01/05,1.5002,
2001/01/08,1.4948,
2001/01/09,1.4974,
2001/01/10,1.5001,
2001/01/11,1.4976,
2001/01/12,1.4966,
2001/01/15,1.5045,
2001/01/16,1.5044,
2001/01/17,1.5121,
2001/01/18,1.5160,
2001/01/19,1.5144,
2001/01/22,1.5066,
2001/01/23,1.5066,
2001/01/24,1.5124,
2001/01/25,1.5076,
2001/01/26,1.5063,
2001/01/29,1.5009,
2001/01/30,1.4985,
2001/01/31,1.5000,
2001/02/01,1.4949,
2001/02/02,1.4936,
2001/02/05,1.5046,
2001/02/06,1.5079,
2001/02/07,1.5096,
2001/02/08,1.5112,
2001/02/09,1.5083,
2001/02/12,1.5193,
2001/02/13,1.5212,
2001/02/14,1.5254,
2001/02/15,1.5276,
2001/02/16,1.5368,
2001/02/19,1.5359,
2001/02/20,1.5392,
2001/02/21,1.5366,
2001/02/22,1.5380,
2001/02/23,1.5374,
2001/02/26,1.5313,
2001/02/27,1.5259,
2001/02/28,1.5316,
2001/03/01,1.5458,
2001/03/02,1.5484,
2001/03/05,1.5473,
2001/03/06,1.5380,
2001/03/07,1.5490,
2001/03/08,1.5492,
2001/03/09,1.5483,
2001/03/12,1.5508,
2001/03/13,1.5471,
2001/03/14,1.5533,
2001/03/15,1.5596,
2001/03/16,1.5670,
2001/03/19,1.5697,
2001/03/20,1.5607,
2001/03/21,1.5726,
2001/03/22,1.5732,
2001/03/23,1.5664,
2001/03/26,1.5547,
2001/03/27,1.5693,
2001/03/28,1.5670,
2001/03/29,1.5722,
2001/03/30,1.5774,
2001/04/02,1.5749,
2001/04/03,1.5789,
2001/04/04,1.5694,
2001/04/05,1.5787,
2001/04/06,1.5613,
2001/04/09,1.5642,
2001/04/10,1.5562,
2001/04/11,1.5620,
2001/04/12,1.5599,
2001/04/13,na,
2001/04/16,1.5621,
2001/04/17,1.5579,
2001/04/18,1.5693,
2001/04/19,1.5472,
2001/04/20,1.5434,
2001/04/23,1.5464,
2001/04/24,1.5482,
2001/04/25,1.5473,
2001/04/26,1.5451,
2001/04/27,1.5417,
2001/04/30,1.5356,
2001/05/01,1.5338,
2001/05/02,1.5309,
2001/05/03,1.5329,
2001/05/04,1.5349,
2001/05/07,1.5403,
2001/05/08,1.5444,
2001/05/09,1.5404,
2001/05/10,1.5390,
2001/05/11,1.5503,
2001/05/14,1.5540,
2001/05/15,1.5491,
2001/05/16,1.5399,
2001/05/17,1.5358,
2001/05/18,1.5330,
2001/05/21,na,
2001/05/22,1.5407,
2001/05/23,1.5458,
2001/05/24,1.5473,
2001/05/25,1.5452,
2001/05/28,1.5453,
2001/05/29,1.5373,
2001/05/30,1.5460,
2001/05/31,1.5457,
2001/06/01,1.5320,
2001/06/04,1.5357,
2001/06/05,1.5327,
2001/06/06,1.5246,
2001/06/07,1.5209,
2001/06/08,1.5210,
2001/06/11,1.5161,
2001/06/12,1.5244,
2001/06/13,1.5181,
2001/06/14,1.5214,
2001/06/15,1.5219,
2001/06/18,1.5335,
2001/06/19,1.5329,
2001/06/20,1.5308,
2001/06/21,1.5264,
2001/06/22,1.5289,
2001/06/25,1.5187,
2001/06/26,1.5145,
2001/06/27,1.5169,
2001/06/28,1.5232,
2001/06/29,1.5177,
2001/07/02,na,
2001/07/03,1.5124,
2001/07/04,1.5110,
2001/07/05,1.5099,
2001/07/06,1.5198,
2001/07/09,1.5211,
2001/07/10,1.5211,
2001/07/11,1.5248,
2001/07/12,1.5280,
2001/07/13,1.5393,
2001/07/16,1.5397,
2001/07/17,1.5403,
2001/07/18,1.5350,
2001/07/19,1.5417,
2001/07/20,1.5448,
2001/07/23,1.5446,
2001/07/24,1.5381,
2001/07/25,1.5375,
2001/07/26,1.5335,
2001/07/27,1.5346,
2001/07/30,1.5302,
2001/07/31,1.5303,
2001/08/01,1.5358,
2001/08/02,1.5412,
2001/08/03,1.5348,
2001/08/06,na,
2001/08/07,1.5340,
2001/08/08,1.5334,
2001/08/09,1.5389,
2001/08/10,1.5402,
2001/08/13,1.5386,
2001/08/14,1.5410,
2001/08/15,1.5290,
2001/08/16,1.5311,
2001/08/17,1.5419,
2001/08/20,1.5457,
2001/08/21,1.5488,
2001/08/22,1.5436,
2001/08/23,1.5423,
2001/08/24,1.5410,
2001/08/27,1.5422,
2001/08/28,1.5401,
2001/08/29,1.5460,
2001/08/30,1.5462,
2001/08/31,1.5477,
2001/09/03,na,
2001/09/04,1.5528,
2001/09/05,1.5601,
2001/09/06,1.5584,
2001/09/07,1.5677,
2001/09/10,1.5654,
2001/09/11,1.5660,
2001/09/12,1.5592,
2001/09/13,1.5686,
2001/09/14,1.5643,
2001/09/17,1.5689,
2001/09/18,1.5708,
2001/09/19,1.5713,
2001/09/20,1.5703,
2001/09/21,1.5705,
2001/09/24,1.5692,
2001/09/25,1.5712,
2001/09/26,1.5729,
2001/09/27,1.5793,
2001/09/28,1.5790,
2001/10/01,1.5789,
2001/10/02,1.5688,
2001/10/03,1.5681,
2001/10/04,1.5663,
2001/10/05,1.5616,
2001/10/08,na,
2001/10/09,1.5637,
2001/10/10,1.5679,
2001/10/11,1.5684,
2001/10/12,1.5657,
2001/10/15,1.5579,
2001/10/16,1.5619,
2001/10/17,1.5685,
2001/10/18,1.5760,
2001/10/19,1.5758,
2001/10/22,1.5783,
2001/10/23,1.5720,
2001/10/24,1.5745,
2001/10/25,1.5768,
2001/10/26,1.5752,
2001/10/29,1.5746,
2001/10/30,1.5783,
2001/10/31,1.5867,
2001/11/01,1.5910,
2001/11/02,1.5922,
2001/11/05,1.5956,
2001/11/06,1.5936,
2001/11/07,1.5936,
2001/11/08,1.5981,
2001/11/09,1.6021,
2001/11/12,na,
2001/11/13,1.5981,
2001/11/14,1.5916,
2001/11/15,1.5868,
2001/11/16,1.5875,
2001/11/19,1.5845,
2001/11/20,1.5933,
2001/11/21,1.6014,
2001/11/22,1.5995,
2001/11/23,1.5981,
2001/11/26,1.6000,
2001/11/27,1.5948,
2001/11/28,1.5847,
2001/11/29,1.5826,
2001/11/30,1.5718,
2001/12/03,1.5760,
2001/12/04,1.5723,
2001/12/05,1.5714,
2001/12/06,1.5767,
2001/12/07,1.5724,
2001/12/10,1.5783,
2001/12/11,1.5778,
2001/12/12,1.5654,
2001/12/13,1.5677,
2001/12/14,1.5633,
2001/12/17,1.5646,
2001/12/18,1.5730,
2001/12/19,1.5742,
2001/12/20,1.5775,
2001/12/21,1.5846,
2001/12/24,1.5935,
2001/12/25,na,
2001/12/26,na,
2001/12/27,1.5950,
2001/12/28,1.5956,
2001/12/31,1.5926,
2002/01/01,na,
2002/01/02,1.5979,
2002/01/03,1.5968,
2002/01/04,1.5975,
2002/01/07,1.5979,
2002/01/08,1.5950,
2002/01/09,1.5962,
2002/01/10,1.6011,
2002/01/11,1.5972,
2002/01/14,1.5971,
2002/01/15,1.5897,
2002/01/16,1.5947,
2002/01/17,1.6107,
2002/01/18,1.6132,
2002/01/21,1.6128,
2002/01/22,1.6083,
2002/01/23,1.6039,
2002/01/24,1.6020,
2002/01/25,1.6079,
2002/01/28,1.6125,
2002/01/29,1.5904,
2002/01/30,1.5912,
2002/01/31,1.5923,
2002/02/01,1.5907,
2002/02/04,1.5915,
2002/02/05,1.5978,
2002/02/06,1.6040,
2002/02/07,1.5988,
2002/02/08,1.5974,
2002/02/11,1.5898,
2002/02/12,1.5918,
2002/02/13,1.5906,
2002/02/14,1.5920,
2002/02/15,1.5912,
2002/02/18,1.5911,
2002/02/19,1.5885,
2002/02/20,1.5905,
2002/02/21,1.5913,
2002/02/22,1.5943,
2002/02/25,1.6016,
2002/02/26,1.6110,
2002/02/27,1.6083,
2002/02/28,1.6047,
2002/03/01,1.5952,
2002/03/04,1.5895,
2002/03/05,1.5902,
2002/03/06,1.5832,
2002/03/07,1.5823,
2002/03/08,1.5856,
2002/03/11,1.5842,
2002/03/12,1.5855,
2002/03/13,1.5932,
2002/03/14,1.5935,
2002/03/15,1.5858,
2002/03/18,1.5878,
2002/03/19,1.5839,
2002/03/20,1.5791,
2002/03/21,1.5807,
2002/03/22,1.5767,
2002/03/25,1.5852,
2002/03/26,1.5921,
2002/03/27,1.5933,
2002/03/28,1.5935,
2002/03/29,na,
2002/04/01,1.5994,
2002/04/02,1.5928,
2002/04/03,1.5889,
2002/04/04,1.5926,
2002/04/05,1.5901,
2002/04/08,1.5941,
2002/04/09,1.5968,
2002/04/10,1.5933,
2002/04/11,1.5875,
2002/04/12,1.5878,
2002/04/15,1.5892,
2002/04/16,1.5798,
2002/04/17,1.5743,
2002/04/18,1.5746,
2002/04/19,1.5719,
2002/04/22,1.5728,
2002/04/23,1.5752,
2002/04/24,1.5682,
2002/04/25,1.5634,
2002/04/26,1.5632,
2002/04/29,1.5662,
2002/04/30,1.5678,
2002/05/01,1.5579,
2002/05/02,1.5618,
2002/05/03,1.5648,
2002/05/06,1.5683,
2002/05/07,1.5700,
2002/05/08,1.5705,
2002/05/09,1.5685,
2002/05/10,1.5576,
2002/05/13,1.5583,
2002/05/14,1.5586,
2002/05/15,1.5559,
2002/05/16,1.5546,
2002/05/17,1.5424,
2002/05/20,na,
2002/05/21,1.5382,
2002/05/22,1.5360,
2002/05/23,1.5335,
2002/05/24,1.5348,
2002/05/27,1.5345,
2002/05/28,1.5302,
2002/05/29,1.5346,
2002/05/30,1.5339,
2002/05/31,1.5275,
2002/06/03,1.5280,
2002/06/04,1.5279,
2002/06/05,1.5351,
2002/06/06,1.5325,
2002/06/07,1.5323,
2002/06/10,1.5380,
2002/06/11,1.5382,
2002/06/12,1.5362,
2002/06/13,1.5394,
2002/06/14,1.5500,
2002/06/17,1.5473,
2002/06/18,1.5441,
2002/06/19,1.5414,
2002/06/20,1.5314,
2002/06/21,1.5230,
2002/06/24,1.5168,
2002/06/25,1.5217,
2002/06/26,1.5207,
2002/06/27,1.5110,
2002/06/28,1.5187,
2002/07/01,na,
2002/07/02,1.5260,
2002/07/03,1.5290,
2002/07/04,1.5321,
2002/07/05,1.5239,
2002/07/08,1.5208,
2002/07/09,1.5144,
2002/07/10,1.5199,
2002/07/11,1.5220,
2002/07/12,1.5302,
2002/07/15,1.5366,
2002/07/16,1.5348,
2002/07/17,1.5391,
2002/07/18,1.5441,
2002/07/19,1.5385,
2002/07/22,1.5560,
2002/07/23,1.5785,
2002/07/24,1.5760,
2002/07/25,1.5726,
2002/07/26,1.5865,
2002/07/29,1.5722,
2002/07/30,1.5731,
2002/07/31,1.5843,
2002/08/01,1.5869,
2002/08/02,1.5882,
2002/08/05,na,
2002/08/06,1.5933,
2002/08/07,1.5808,
2002/08/08,1.5814,
2002/08/09,1.5723,
2002/08/12,1.5740,
2002/08/13,1.5658,
2002/08/14,1.5649,
2002/08/15,1.5582,
2002/08/16,1.5601,
2002/08/19,1.5710,
2002/08/20,1.5715,
2002/08/21,1.5587,
2002/08/22,1.5566,
2002/08/23,1.5558,
2002/08/26,1.5571,
2002/08/27,1.5520,
2002/08/28,1.5597,
2002/08/29,1.5595,
2002/08/30,1.5589,
2002/09/02,na,
2002/09/03,1.5543,
2002/09/04,1.5663,
2002/09/05,1.5672,
2002/09/06,1.5634,
2002/09/09,1.5656,
2002/09/10,1.5720,
2002/09/11,1.5755,
2002/09/12,1.5849,
2002/09/13,1.5857,
2002/09/16,1.5825,
2002/09/17,1.5792,
2002/09/18,1.5833,
2002/09/19,1.5725,
2002/09/20,1.5730,
2002/09/23,1.5845,
2002/09/24,1.5855,
2002/09/25,1.5810,
2002/09/26,1.5770,
2002/09/27,1.5777,
2002/09/30,1.5858,
2002/10/01,1.5860,
2002/10/02,1.5855,
2002/10/03,1.5902,
2002/10/04,1.5942,
2002/10/07,1.5920,
2002/10/08,1.5929,
2002/10/09,1.5931,
2002/10/10,1.5915,
2002/10/11,1.5888,
2002/10/14,na,
2002/10/15,1.5855,
2002/10/16,1.5840,
2002/10/17,1.5723,
2002/10/18,1.5721,
2002/10/21,1.5674,
2002/10/22,1.5679,
2002/10/23,1.5687,
2002/10/24,1.5610,
2002/10/25,1.5673,
2002/10/28,1.5605,
2002/10/29,1.5631,
2002/10/30,1.5676,
2002/10/31,1.5603,
2002/11/01,1.5576,
2002/11/04,1.5550,
2002/11/05,1.5562,
2002/11/06,1.5582,
2002/11/07,1.5530,
2002/11/08,1.5644,
2002/11/11,na,
2002/11/12,1.5742,
2002/11/13,1.5764,
2002/11/14,1.5747,
2002/11/15,1.5813,
2002/11/18,1.5902,
2002/11/19,1.5852,
2002/11/20,1.5839,
2002/11/21,1.5786,
2002/11/22,1.5802,
2002/11/25,1.5733,
2002/11/26,1.5718,
2002/11/27,1.5747,
2002/11/28,1.5739,
2002/11/29,1.5654,
2002/12/02,1.5594,
2002/12/03,1.5570,
2002/12/04,1.5574,
2002/12/05,1.5611,
2002/12/06,1.5657,
2002/12/09,1.5615,
2002/12/10,1.5611,
2002/12/11,1.5558,
2002/12/12,1.5548,
2002/12/13,1.5602,
2002/12/16,1.5625,
2002/12/17,1.5509,
2002/12/18,1.5537,
2002/12/19,1.5475,
2002/12/20,1.5524,
2002/12/23,1.5504,
2002/12/24,1.5480,
2002/12/25,na,
2002/12/26,na,
2002/12/27,1.5684,
2002/12/30,1.5789,
2002/12/31,1.5796,
2003/01/01,na,
2003/01/02,1.5747,
2003/01/03,1.5665,
2003/01/06,1.5596,
2003/01/07,1.5592,
2003/01/08,1.5613,
2003/01/09,1.5537,
2003/01/10,1.5500,
2003/01/13,1.5418,
2003/01/14,1.5397,
2003/01/15,1.5352,
2003/01/16,1.5363,
2003/01/17,1.5354,
2003/01/20,1.5347,
2003/01/21,1.5330,
2003/01/22,1.5320,
2003/01/23,1.5238,
2003/01/24,1.5221,
2003/01/27,1.5248,
2003/01/28,1.5360,
2003/01/29,1.5227,
2003/01/30,1.5309,
2003/01/31,1.5290,
2003/02/03,1.5201,
2003/02/04,1.5143,
2003/02/05,1.5195,
2003/02/06,1.5215,
2003/02/07,1.5211,
2003/02/10,1.5311,
2003/02/11,1.5301,
2003/02/12,1.5287,
2003/02/13,1.5195,
2003/02/14,1.5188,
2003/02/17,1.5209,
2003/02/18,1.5148,
2003/02/19,1.5142,
2003/02/20,1.5043,
2003/02/21,1.5054,
2003/02/24,1.4943,
2003/02/25,1.4926,
2003/02/26,1.4935,
2003/02/27,1.4952,
2003/02/28,1.4871,
2003/03/03,1.4846,
2003/03/04,1.4772,
2003/03/05,1.4723,
2003/03/06,1.4711,
2003/03/07,1.4662,
2003/03/10,1.4656,
2003/03/11,1.4721,
2003/03/12,1.4723,
2003/03/13,1.4850,
2003/03/14,1.4822,
2003/03/17,1.4835,
2003/03/18,1.4786,
2003/03/19,1.4804,
2003/03/20,1.4784,
2003/03/21,1.4907,
2003/03/24,1.4801,
2003/03/25,1.4775,
2003/03/26,1.4710,
2003/03/27,1.4682,
2003/03/28,1.4678,
2003/03/31,1.4693,
2003/04/01,1.4726,
2003/04/02,1.4761,
2003/04/03,1.4752,
2003/04/04,1.4719,
2003/04/07,1.4846,
2003/04/08,1.4679,
2003/04/09,1.4678,
2003/04/10,1.4570,
2003/04/11,1.4516,
2003/04/14,1.4532,
2003/04/15,1.4515,
2003/04/16,1.4562,
2003/04/17,1.4496,
2003/04/18,na,
2003/04/21,1.4544,
2003/04/22,1.4471,
2003/04/23,1.4510,
2003/04/24,1.4579,
2003/04/25,1.4532,
2003/04/28,1.4501,
2003/04/29,1.4457,
2003/04/30,1.4335,
2003/05/01,1.4188,
2003/05/02,1.4223,
2003/05/05,1.4132,
2003/05/06,1.4082,
2003/05/07,1.4009,
2003/05/08,1.3952,
2003/05/09,1.3927,
2003/05/12,1.3887,
2003/05/13,1.3898,
2003/05/14,1.3787,
2003/05/15,1.3761,
2003/05/16,1.3667,
2003/05/19,na,
2003/05/20,1.3446,
2003/05/21,1.3495,
2003/05/22,1.3682,
2003/05/23,1.3775,
2003/05/26,1.3744,
2003/05/27,1.3746,
2003/05/28,1.3866,
2003/05/29,1.3769,
2003/05/30,1.3708,
2003/06/02,1.3695,
2003/06/03,1.3758,
2003/06/04,1.3574,
2003/06/05,1.3401,
2003/06/06,1.3540,
2003/06/09,1.3584,
2003/06/10,1.3648,
2003/06/11,1.3529,
2003/06/12,1.3489,
2003/06/13,1.3361,
2003/06/16,1.3392,
2003/06/17,1.3396,
2003/06/18,1.3342,
2003/06/19,1.3496,
2003/06/20,1.3592,
2003/06/23,1.3562,
2003/06/24,1.3610,
2003/06/25,1.3427,
2003/06/26,1.3539,
2003/06/27,1.3489,
2003/06/30,1.3553,
2003/07/01,na,
2003/07/02,1.3363,
2003/07/03,1.3365,
2003/07/04,1.3409,
2003/07/07,1.3484,
2003/07/08,1.3691,
2003/07/09,1.3749,
2003/07/10,1.3821,
2003/07/11,1.3761,
2003/07/14,1.3739,
2003/07/15,1.3929,
2003/07/16,1.3861,
2003/07/17,1.3971,
2003/07/18,1.4114,
2003/07/21,1.4052,
2003/07/22,1.4116,
2003/07/23,1.3991,
2003/07/24,1.3962,
2003/07/25,1.3812,
2003/07/28,1.3819,
2003/07/29,1.3855,
2003/07/30,1.3997,
2003/07/31,1.4073,
2003/08/01,1.3964,
2003/08/04,na,
2003/08/05,1.4043,
2003/08/06,1.4058,
2003/08/07,1.3932,
2003/08/08,1.3935,
2003/08/11,1.3835,
2003/08/12,1.3852,
2003/08/13,1.3837,
2003/08/14,1.3934,
2003/08/15,1.3872,
2003/08/18,1.3909,
2003/08/19,1.4009,
2003/08/20,1.4024,
2003/08/21,1.4074,
2003/08/22,1.4099,
2003/08/25,1.3979,
2003/08/26,1.3932,
2003/08/27,1.4021,
2003/08/28,1.3970,
2003/08/29,1.3851,
2003/09/01,na,
2003/09/02,1.3877,
2003/09/03,1.3812,
2003/09/04,1.3731,
2003/09/05,1.3711,
2003/09/08,1.3707,
2003/09/09,1.3671,
2003/09/10,1.3659,
2003/09/11,1.3710,
2003/09/12,1.3630,
2003/09/15,1.3659,
2003/09/16,1.3690,
2003/09/17,1.3661,
2003/09/18,1.3641,
2003/09/19,1.3472,
2003/09/22,1.3471,
2003/09/23,1.3564,
2003/09/24,1.3543,
2003/09/25,1.3472,
2003/09/26,1.3546,
2003/09/29,1.3546,
2003/09/30,1.3504,
2003/10/01,1.3480,
2003/10/02,1.3382,
2003/10/03,1.3418,
2003/10/06,1.3411,
2003/10/07,1.3294,
2003/10/08,1.3336,
2003/10/09,1.3399,
2003/10/10,1.3205,
2003/10/13,na,
2003/10/14,1.3233,
2003/10/15,1.3242,
2003/10/16,1.3153,
2003/10/17,1.3132,
2003/10/20,1.3197,
2003/10/21,1.3156,
2003/10/22,1.3038,
2003/10/23,1.3086,
2003/10/24,1.3069,
2003/10/27,1.3102,
2003/10/28,1.3107,
2003/10/29,1.3097,
2003/10/30,1.3072,
2003/10/31,1.3197,
2003/11/03,1.3323,
2003/11/04,1.3320,
2003/11/05,1.3313,
2003/11/06,1.3359,
2003/11/07,1.3237,
2003/11/10,1.3106,
2003/11/11,na,
2003/11/12,1.3004,
2003/11/13,1.2996,
2003/11/14,1.3038,
2003/11/17,1.3137,
2003/11/18,1.3024,
2003/11/19,1.3035,
2003/11/20,1.3023,
2003/11/21,1.3039,
2003/11/24,1.3206,
2003/11/25,1.3131,
2003/11/26,1.3043,
2003/11/27,1.3083,
2003/11/28,1.2973,
2003/12/01,1.3023,
2003/12/02,1.2982,
2003/12/03,1.2996,
2003/12/04,1.3122,
2003/12/05,1.3045,
2003/12/08,1.2963,
2003/12/09,1.3092,
2003/12/10,1.3079,
2003/12/11,1.3263,
2003/12/12,1.3150,
2003/12/15,1.3134,
2003/12/16,1.3183,
2003/12/17,1.3251,
2003/12/18,1.3292,
2003/12/19,1.3397,
2003/12/22,1.3315,
2003/12/23,1.3240,
2003/12/24,1.3107,
2003/12/25,na,
2003/12/26,na,
2003/12/29,1.3104,
2003/12/30,1.3033,
2003/12/31,1.2924,
2004/01/01,na,
2004/01/02,1.2900,
2004/01/05,1.2803,
2004/01/06,1.2819,
2004/01/07,1.2882,
2004/01/08,1.2788,
2004/01/09,1.2692,
2004/01/12,1.2736,
2004/01/13,1.2729,
2004/01/14,1.2869,
2004/01/15,1.2979,
2004/01/16,1.2978,
2004/01/19,1.3021,
2004/01/20,1.2862,
2004/01/21,1.3009,
2004/01/22,1.2967,
2004/01/23,1.3119,
2004/01/26,1.3136,
2004/01/27,1.3049,
2004/01/28,1.3217,
2004/01/29,1.3339,
2004/01/30,1.3264,
2004/02/02,1.3384,
2004/02/03,1.3374,
2004/02/04,1.3327,
2004/02/05,1.3319,
2004/02/06,1.3291,
2004/02/09,1.3304,
2004/02/10,1.3289,
2004/02/11,1.3179,
2004/02/12,1.3191,
2004/02/13,1.3150,
2004/02/16,1.3147,
2004/02/17,1.3102,
2004/02/18,1.3180,
2004/02/19,1.3275,
2004/02/20,1.3440,
2004/02/23,1.3357,
2004/02/24,1.3280,
2004/02/25,1.3370,
2004/02/26,1.3432,
2004/02/27,1.3401,
2004/03/01,1.3391,
2004/03/02,1.3431,
2004/03/03,1.3476,
2004/03/04,1.3324,
2004/03/05,1.3186,
2004/03/08,1.3229,
2004/03/09,1.3190,
2004/03/10,1.3270,
2004/03/11,1.3227,
2004/03/12,1.3375,
2004/03/15,1.3324,
2004/03/16,1.3334,
2004/03/17,1.3411,
2004/03/18,1.3292,
2004/03/19,1.3310,
2004/03/22,1.3276,
2004/03/23,1.3315,
2004/03/24,1.3387,
2004/03/25,1.3299,
2004/03/26,1.3200,
2004/03/29,1.3091,
2004/03/30,1.3079,
2004/03/31,1.3105,
2004/04/01,1.3101,
2004/04/02,1.3156,
2004/04/05,1.3147,
2004/04/06,1.3093,
2004/04/07,1.3130,
2004/04/08,1.3260,
2004/04/09,na,
2004/04/12,1.3375,
2004/04/13,1.3359,
2004/04/14,1.3440,
2004/04/15,1.3472,
2004/04/16,1.3445,
2004/04/19,1.3466,
2004/04/20,1.3535,
2004/04/21,1.3589,
2004/04/22,1.3585,
2004/04/23,1.3611,
2004/04/26,1.3556,
2004/04/27,1.3518,
2004/04/28,1.3674,
2004/04/29,1.3696,
2004/04/30,1.3707,
2004/05/03,1.3739,
2004/05/04,1.3697,
2004/05/05,1.3728,
2004/05/06,1.3780,
2004/05/07,1.3856,
2004/05/10,1.3931,
2004/05/11,1.3866,
2004/05/12,1.3878,
2004/05/13,1.3968,
2004/05/14,1.3925,
2004/05/17,1.3851,
2004/05/18,1.3912,
2004/05/19,1.3766,
2004/05/20,1.3704,
2004/05/21,1.3731,
2004/05/24,na,
2004/05/25,1.3760,
2004/05/26,1.3704,
2004/05/27,1.3577,
2004/05/28,1.3658,
2004/05/31,1.3634,
2004/06/01,1.3685,
2004/06/02,1.3616,
2004/06/03,1.3607,
2004/06/04,1.3502,
2004/06/07,1.3448,
2004/06/08,1.3468,
2004/06/09,1.3541,
2004/06/10,1.3568,
2004/06/11,1.3647,
2004/06/14,1.3683,
2004/06/15,1.3690,
2004/06/16,1.3773,
2004/06/17,1.3753,
2004/06/18,1.3644,
2004/06/21,1.3640,
2004/06/22,1.3590,
2004/06/23,1.3616,
2004/06/24,1.3430,
2004/06/25,1.3487,
2004/06/28,1.3433,
2004/06/29,1.3460,
2004/06/30,1.3404,
2004/07/01,na,
2004/07/02,1.3252,
2004/07/05,1.3256,
2004/07/06,1.3264,
2004/07/07,1.3196,
2004/07/08,1.3163,
2004/07/09,1.3209,
2004/07/12,1.3187,
2004/07/13,1.3259,
2004/07/14,1.3221,
2004/07/15,1.3235,
2004/07/16,1.3086,
2004/07/19,1.3079,
2004/07/20,1.3098,
2004/07/21,1.3242,
2004/07/22,1.3131,
2004/07/23,1.3217,
2004/07/26,1.3320,
2004/07/27,1.3348,
2004/07/28,1.3305,
2004/07/29,1.3248,
2004/07/30,1.3292,
2004/08/02,na,
2004/08/03,1.3191,
2004/08/04,1.3155,
2004/08/05,1.3178,
2004/08/06,1.3098,
2004/08/09,1.3165,
2004/08/10,1.3139,
2004/08/11,1.3239,
2004/08/12,1.3326,
2004/08/13,1.3098,
2004/08/16,1.3076,
2004/08/17,1.3078,
2004/08/18,1.3073,
2004/08/19,1.2963,
2004/08/20,1.2977,
2004/08/23,1.3063,
2004/08/24,1.3050,
2004/08/25,1.3041,
2004/08/26,1.3119,
2004/08/27,1.3103,
2004/08/30,1.3173,
2004/08/31,1.3167,
2004/09/01,1.3068,
2004/09/02,1.2996,
2004/09/03,1.3006,
2004/09/06,na,
2004/09/07,1.2876,
2004/09/08,1.2902,
2004/09/09,1.2875,
2004/09/10,1.2877,
2004/09/13,1.3003,
2004/09/14,1.2917,
2004/09/15,1.2988,
2004/09/16,1.2894,
2004/09/17,1.2997,
2004/09/20,1.2941,
2004/09/21,1.2884,
2004/09/22,1.2817,
2004/09/23,1.2782,
2004/09/24,1.2758,
2004/09/27,1.2737,
2004/09/28,1.2755,
2004/09/29,1.2725,
2004/09/30,1.2639,
2004/10/01,1.2630,
2004/10/04,1.2725,
2004/10/05,1.2623,
2004/10/06,1.2593,
2004/10/07,1.2575,
2004/10/08,1.2513,
2004/10/11,na,
2004/10/12,1.2573,
2004/10/13,1.2636,
2004/10/14,1.2525,
2004/10/15,1.2519,
2004/10/18,1.2548,
2004/10/19,1.2544,
2004/10/20,1.2432,
2004/10/21,1.2428,
2004/10/22,1.2379,
2004/10/25,1.2233,
2004/10/26,1.2251,
2004/10/27,1.2257,
2004/10/28,1.2197,
2004/10/29,1.2207,
2004/11/01,1.2230,
2004/11/02,1.2270,
2004/11/03,1.2117,
2004/11/04,1.2052,
2004/11/05,1.1983,
2004/11/08,1.1926,
2004/11/09,1.1959,
2004/11/10,1.1980,
2004/11/11,na,
2004/11/12,1.1925,
2004/11/15,1.2031,
2004/11/16,1.1934,
2004/11/17,1.1924,
2004/11/18,1.2074,
2004/11/19,1.1916,
2004/11/22,1.1844,
2004/11/23,1.1865,
2004/11/24,1.1814,
2004/11/25,1.1804,
2004/11/26,1.1774,
2004/11/29,1.1850,
2004/11/30,1.1904,
2004/12/01,1.1858,
2004/12/02,1.1899,
2004/12/03,1.1984,
2004/12/06,1.2014,
2004/12/07,1.2085,
2004/12/08,1.2251,
2004/12/09,1.2256,
2004/12/10,1.2263,
2004/12/13,1.2289,
2004/12/14,1.2376,
2004/12/15,1.2230,
2004/12/16,1.2355,
2004/12/17,1.2262,
2004/12/20,1.2294,
2004/12/21,1.2271,
2004/12/22,1.2413,
2004/12/23,1.2357,
2004/12/24,1.2295,
2004/12/27,na,
2004/12/28,na,
2004/12/29,1.2163,
2004/12/30,1.2062,
2004/12/31,1.2036,
2005/01/03,na,
2005/01/04,1.2252,
2005/01/05,1.2238,
2005/01/06,1.2373,
2005/01/07,1.2341,
2005/01/10,1.2198,
2005/01/11,1.2150,
2005/01/12,1.1987,
2005/01/13,1.2003,
2005/01/14,1.2206,
2005/01/17,1.2165,
2005/01/18,1.2224,
2005/01/19,1.2273,
2005/01/20,1.2327,
2005/01/21,1.2212,
2005/01/24,1.2260,
2005/01/25,1.2383,
2005/01/26,1.2307,
2005/01/27,1.2367,
2005/01/28,1.2421,
2005/01/31,1.2380,
2005/02/01,1.2397,
2005/02/02,1.2405,
2005/02/03,1.2428,
2005/02/04,1.2498,
2005/02/07,1.2566,
2005/02/08,1.2480,
2005/02/09,1.2510,
2005/02/10,1.2409,
2005/02/11,1.2379,
2005/02/14,1.2345,
2005/02/15,1.2336,
2005/02/16,1.2424,
2005/02/17,1.2300,
2005/02/18,1.2299,
2005/02/21,1.2338,
2005/02/22,1.2299,
2005/02/23,1.2383,
2005/02/24,1.2416,
2005/02/25,1.2408,
2005/02/28,1.2314,
2005/03/01,1.2429,
2005/03/02,1.2401,
2005/03/03,1.2462,
2005/03/04,1.2326,
2005/03/07,1.2293,
2005/03/08,1.2169,
2005/03/09,1.2065,
2005/03/10,1.2048,
2005/03/11,1.2040,
2005/03/14,1.2087,
2005/03/15,1.2078,
2005/03/16,1.2036,
2005/03/17,1.2022,
2005/03/18,1.2028,
2005/03/21,1.2117,
2005/03/22,1.2019,
2005/03/23,1.2136,
2005/03/24,1.2153,
2005/03/25,na,
2005/03/28,1.2236,
2005/03/29,1.2136,
2005/03/30,1.2165,
2005/03/31,1.2096,
2005/04/01,1.2147,
2005/04/04,1.2203,
2005/04/05,1.2201,
2005/04/06,1.2219,
2005/04/07,1.2208,
2005/04/08,1.2246,
2005/04/11,1.2331,
2005/04/12,1.2406,
2005/04/13,1.2368,
2005/04/14,1.2417,
2005/04/15,1.2419,
2005/04/18,1.2481,
2005/04/19,1.2410,
2005/04/20,1.2393,
2005/04/21,1.2391,
2005/04/22,1.2342,
2005/04/25,1.2375,
2005/04/26,1.2464,
2005/04/27,1.2466,
2005/04/28,1.2508,
2005/04/29,1.2569,
2005/05/02,1.2555,
2005/05/03,1.2547,
2005/05/04,1.2506,
2005/05/05,1.2449,
2005/05/06,1.2432,
2005/05/09,1.2378,
2005/05/10,1.2372,
2005/05/11,1.2475,
2005/05/12,1.2494,
2005/05/13,1.2624,
2005/05/16,1.2704,
2005/05/17,1.2665,
2005/05/18,1.2618,
2005/05/19,1.2623,
2005/05/20,1.2631,
2005/05/23,na,
2005/05/24,1.2611,
2005/05/25,1.2640,
2005/05/26,1.2681,
2005/05/27,1.2584,
2005/05/30,1.2558,
2005/05/31,1.2510,
2005/06/01,1.2471,
2005/06/02,1.2476,
2005/06/03,1.2486,
2005/06/06,1.2448,
2005/06/07,1.2472,
2005/06/08,1.2440,
2005/06/09,1.2550,
2005/06/10,1.2493,
2005/06/13,1.2577,
2005/06/14,1.2554,
2005/06/15,1.2400,
2005/06/16,1.2376,
2005/06/17,1.2345,
2005/06/20,1.2320,
2005/06/21,1.2308,
2005/06/22,1.2355,
2005/06/23,1.2311,
2005/06/24,1.2326,
2005/06/27,1.2308,
2005/06/28,1.2312,
2005/06/29,1.2263,
2005/06/30,1.2256,
2005/07/01,na,
2005/07/04,1.2401,
2005/07/05,1.2432,
2005/07/06,1.2362,
2005/07/07,1.2287,
2005/07/08,1.2208,
2005/07/11,1.2114,
2005/07/12,1.2051,
2005/07/13,1.2072,
2005/07/14,1.2073,
2005/07/15,1.2206,
2005/07/18,1.2150,
2005/07/19,1.2189,
2005/07/20,1.2219,
2005/07/21,1.2178,
2005/07/22,1.2179,
2005/07/25,1.2191,
2005/07/26,1.2296,
2005/07/27,1.2342,
2005/07/28,1.2340,
2005/07/29,1.2259,
2005/08/01,na,
2005/08/02,1.2125,
2005/08/03,1.2129,
2005/08/04,1.2120,
2005/08/05,1.2187,
2005/08/08,1.2132,
2005/08/09,1.2142,
2005/08/10,1.2115,
2005/08/11,1.2026,
2005/08/12,1.1947,
2005/08/15,1.1970,
2005/08/16,1.1980,
2005/08/17,1.2076,
2005/08/18,1.2182,
2005/08/19,1.2139,
2005/08/22,1.2041,
2005/08/23,1.1984,
2005/08/24,1.1958,
2005/08/25,1.1892,
2005/08/26,1.1957,
2005/08/29,1.1970,
2005/08/30,1.1924,
2005/08/31,1.1889,
2005/09/01,1.1849,
2005/09/02,1.1882,
2005/09/05,na,
2005/09/06,1.1870,
2005/09/07,1.1863,
2005/09/08,1.1824,
2005/09/09,1.1761,
2005/09/12,1.1853,
2005/09/13,1.1802,
2005/09/14,1.1822,
2005/09/15,1.1857,
2005/09/16,1.1830,
2005/09/19,1.1694,
2005/09/20,1.1703,
2005/09/21,1.1693,
2005/09/22,1.1672,
2005/09/23,1.1710,
2005/09/26,1.1707,
2005/09/27,1.1781,
2005/09/28,1.1785,
2005/09/29,1.1725,
2005/09/30,1.1611,
2005/10/03,1.1659,
2005/10/04,1.1721,
2005/10/05,1.1795,
2005/10/06,1.1822,
2005/10/07,1.1748,
2005/10/10,na,
2005/10/11,1.1755,
2005/10/12,1.1707,
2005/10/13,1.1837,
2005/10/14,1.1856,
2005/10/17,1.1799,
2005/10/18,1.1796,
2005/10/19,1.1777,
2005/10/20,1.1767,
2005/10/21,1.1847,
2005/10/24,1.1887,
2005/10/25,1.1770,
2005/10/26,1.1703,
2005/10/27,1.1697,
2005/10/28,1.1771,
2005/10/31,1.1801,
2005/11/01,1.1767,
2005/11/02,1.1802,
2005/11/03,1.1818,
2005/11/04,1.1811,
2005/11/07,1.1901,
2005/11/08,1.1886,
2005/11/09,1.1860,
2005/11/10,1.1877,
2005/11/11,na,
2005/11/14,1.1961,
2005/11/15,1.1940,
2005/11/16,1.1918,
2005/11/17,1.1863,
2005/11/18,1.1902,
2005/11/21,1.1820,
2005/11/22,1.1771,
2005/11/23,1.1719,
2005/11/24,1.1714,
2005/11/25,1.1692,
2005/11/28,1.1657,
2005/11/29,1.1673,
2005/11/30,1.1674,
2005/12/01,1.1687,
2005/12/02,1.1627,
2005/12/05,1.1567,
2005/12/06,1.1562,
2005/12/07,1.1582,
2005/12/08,1.1574,
2005/12/09,1.1580,
2005/12/12,1.1507,
2005/12/13,1.1520,
2005/12/14,1.1531,
2005/12/15,1.1577,
2005/12/16,1.1564,
2005/12/19,1.1634,
2005/12/20,1.1734,
2005/12/21,1.1695,
2005/12/22,1.1668,
2005/12/23,1.1649,
2005/12/26,na,
2005/12/27,na,
2005/12/28,1.1639,
2005/12/29,1.1645,
2005/12/30,1.1659,
2006/01/02,na,
2006/01/03,1.1571,
2006/01/04,1.1515,
2006/01/05,1.1617,
2006/01/06,1.1648,
2006/01/09,1.1692,
2006/01/10,1.1628,
2006/01/11,1.1580,
2006/01/12,1.1625,
2006/01/13,1.1613,
2006/01/16,1.1578,
2006/01/17,1.1643,
2006/01/18,1.1726,
2006/01/19,1.1657,
2006/01/20,1.1534,
2006/01/23,1.1512,
2006/01/24,1.1549,
2006/01/25,1.1483,
2006/01/26,1.1503,
2006/01/27,1.1474,
2006/01/30,1.1443,
2006/01/31,1.1439,
2006/02/01,1.1402,
2006/02/02,1.1432,
2006/02/03,1.1471,
2006/02/06,1.1457,
2006/02/07,1.1491,
2006/02/08,1.1536,
2006/02/09,1.1453,
2006/02/10,1.1542,
2006/02/13,1.1548,
2006/02/14,1.1548,
2006/02/15,1.1541,
2006/02/16,1.1578,
2006/02/17,1.1522,
2006/02/20,1.1480,
2006/02/21,1.1464,
2006/02/22,1.1482,
2006/02/23,1.1513,
2006/02/24,1.1518,
2006/02/27,1.1420,
2006/02/28,1.1380,
2006/03/01,1.1369,
2006/03/02,1.1322,
2006/03/03,1.1352,
2006/03/06,1.1402,
2006/03/07,1.1470,
2006/03/08,1.1574,
2006/03/09,1.1595,
2006/03/10,1.1605,
2006/03/13,1.1618,
2006/03/14,1.1550,
2006/03/15,1.1553,
2006/03/16,1.1537,
2006/03/17,1.1588,
2006/03/20,1.1628,
2006/03/21,1.1647,
2006/03/22,1.1653,
2006/03/23,1.1659,
2006/03/24,1.1674,
2006/03/27,1.1687,
2006/03/28,1.1698,
2006/03/29,1.1724,
2006/03/30,1.1627,
2006/03/31,1.1671,
2006/04/03,1.1719,
2006/04/04,1.1662,
2006/04/05,1.1619,
2006/04/06,1.1534,
2006/04/07,1.1467,
2006/04/10,1.1466,
2006/04/11,1.1458,
2006/04/12,1.1478,
2006/04/13,1.1520,
2006/04/14,na,
2006/04/17,1.1453,
2006/04/18,1.1419,
2006/04/19,1.1364,
2006/04/20,1.1388,
2006/04/21,1.1373,
2006/04/24,1.1373,
2006/04/25,1.1316,
2006/04/26,1.1270,
2006/04/27,1.1235,
2006/04/28,1.1203,
2006/05/01,1.1133,
2006/05/02,1.1069,
2006/05/03,1.1072,
2006/05/04,1.1068,
2006/05/05,1.1072,
2006/05/08,1.1117,
2006/05/09,1.1021,
2006/05/10,1.1007,
2006/05/11,1.0990,
2006/05/12,1.1085,
2006/05/15,1.1140,
2006/05/16,1.1112,
2006/05/17,1.1125,
2006/05/18,1.1213,
2006/05/19,1.1233,
2006/05/22,na,
2006/05/23,1.1176,
2006/05/24,1.1229,
2006/05/25,1.1073,
2006/05/26,1.1073,
2006/05/29,1.1050,
2006/05/30,1.0996,
2006/05/31,1.1028,
2006/06/01,1.1008,
2006/06/02,1.1004,
2006/06/05,1.1012,
2006/06/06,1.1152,
2006/06/07,1.1116,
2006/06/08,1.1232,
2006/06/09,1.1072,
2006/06/12,1.0990,
2006/06/13,1.1079,
2006/06/14,1.1122,
2006/06/15,1.1177,
2006/06/16,1.1226,
2006/06/19,1.1229,
2006/06/20,1.1163,
2006/06/21,1.1042,
2006/06/22,1.1175,
2006/06/23,1.1241,
2006/06/26,1.1239,
2006/06/27,1.1213,
2006/06/28,1.1245,
2006/06/29,1.1159,
2006/06/30,1.1150,
2006/07/03,na,
2006/07/04,1.1061,
2006/07/05,1.1117,
2006/07/06,1.1117,
2006/07/07,1.1134,
2006/07/10,1.1246,
2006/07/11,1.1338,
2006/07/12,1.1355,
2006/07/13,1.1319,
2006/07/14,1.1274,
2006/07/17,1.1322,
2006/07/18,1.1336,
2006/07/19,1.1353,
2006/07/20,1.1341,
2006/07/21,1.1375,
2006/07/24,1.1416,
2006/07/25,1.1414,
2006/07/26,1.1378,
2006/07/27,1.1345,
2006/07/28,1.1298,
2006/07/31,1.1309,
2006/08/01,1.1315,
2006/08/02,1.1259,
2006/08/03,1.1263,
2006/08/04,1.1270,
2006/08/07,na,
2006/08/08,1.1204,
2006/08/09,1.1199,
2006/08/10,1.1263,
2006/08/11,1.1204,
2006/08/14,1.1240,
2006/08/15,1.1221,
2006/08/16,1.1161,
2006/08/17,1.1165,
2006/08/18,1.1233,
2006/08/21,1.1184,
2006/08/22,1.1154,
2006/08/23,1.1101,
2006/08/24,1.1111,
2006/08/25,1.1080,
2006/08/28,1.1120,
2006/08/29,1.1105,
2006/08/30,1.1100,
2006/08/31,1.1066,
2006/09/01,1.1056,
2006/09/04,na,
2006/09/05,1.1110,
2006/09/06,1.1053,
2006/09/07,1.1099,
2006/09/08,1.1190,
2006/09/11,1.1218,
2006/09/12,1.1186,
2006/09/13,1.1191,
2006/09/14,1.1159,
2006/09/15,1.1195,
2006/09/18,1.1171,
2006/09/19,1.1232,
2006/09/20,1.1273,
2006/09/21,1.1195,
2006/09/22,1.1172,
2006/09/25,1.1162,
2006/09/26,1.1160,
2006/09/27,1.1151,
2006/09/28,1.1109,
2006/09/29,1.1153,
2006/10/02,1.1155,
2006/10/03,1.1211,
2006/10/04,1.1287,
2006/10/05,1.1269,
2006/10/06,1.1264,
2006/10/09,na,
2006/10/10,1.1319,
2006/10/11,1.1358,
2006/10/12,1.1357,
2006/10/13,1.1367,
2006/10/16,1.1385,
2006/10/17,1.1380,
2006/10/18,1.1379,
2006/10/19,1.1318,
2006/10/20,1.1251,
2006/10/23,1.1282,
2006/10/24,1.1272,
2006/10/25,1.1248,
2006/10/26,1.1254,
2006/10/27,1.1188,
2006/10/30,1.1235,
2006/10/31,1.1227,
2006/11/01,1.1315,
2006/11/02,1.1362,
2006/11/03,1.1290,
2006/11/06,1.1293,
2006/11/07,1.1277,
2006/11/08,1.1277,
2006/11/09,1.1292,
2006/11/10,1.1307,
2006/11/13,na,
2006/11/14,1.1395,
2006/11/15,1.1390,
2006/11/16,1.1404,
2006/11/17,1.1459,
2006/11/20,1.1473,
2006/11/21,1.1474,
2006/11/22,1.1413,
2006/11/23,1.1418,
2006/11/24,1.1346,
2006/11/27,1.1330,
2006/11/28,1.1311,
2006/11/29,1.1360,
2006/11/30,1.1415,
2006/12/01,1.1445,
2006/12/04,1.1454,
2006/12/05,1.1417,
2006/12/06,1.1469,
2006/12/07,1.1481,
2006/12/08,1.1501,
2006/12/11,1.1475,
2006/12/12,1.1548,
2006/12/13,1.1545,
2006/12/14,1.1568,
2006/12/15,1.1574,
2006/12/18,1.1574,
2006/12/19,1.1558,
2006/12/20,1.1486,
2006/12/21,1.1537,
2006/12/22,1.1574,
2006/12/25,na,
2006/12/26,na,
2006/12/27,1.1612,
2006/12/28,1.1599,
2006/12/29,1.1653,
2007/01/01,na,
2007/01/02,1.1649,
2007/01/03,1.1699,
2007/01/04,1.1767,
2007/01/05,1.1755,
2007/01/08,1.1777,
2007/01/09,1.1784,
2007/01/10,1.1772,
2007/01/11,1.1762,
2007/01/12,1.1702,
2007/01/15,1.1681,
2007/01/16,1.1746,
2007/01/17,1.1737,
2007/01/18,1.1752,
2007/01/19,1.1720,
2007/01/22,1.1759,
2007/01/23,1.1816,
2007/01/24,1.1824,
2007/01/25,1.1783,
2007/01/26,1.1798,
2007/01/29,1.1816,
2007/01/30,1.1814,
2007/01/31,1.1792,
2007/02/01,1.1755,
2007/02/02,1.1838,
2007/02/05,1.1818,
2007/02/06,1.1820,
2007/02/07,1.1852,
2007/02/08,1.1853,
2007/02/09,1.1739,
2007/02/12,1.1746,
2007/02/13,1.1686,
2007/02/14,1.1660,
2007/02/15,1.1639,
2007/02/16,1.1637,
2007/02/19,1.1639,
2007/02/20,1.1698,
2007/02/21,1.1612,
2007/02/22,1.1616,
2007/02/23,1.1585,
2007/02/26,1.1600,
2007/02/27,1.1639,
2007/02/28,1.1700,
2007/03/01,1.1713,
2007/03/02,1.1753,
2007/03/05,1.1811,
2007/03/06,1.1760,
2007/03/07,1.1786,
2007/03/08,1.1801,
2007/03/09,1.1712,
2007/03/12,1.1692,
2007/03/13,1.1687,
2007/03/14,1.1754,
2007/03/15,1.1758,
2007/03/16,1.1740,
2007/03/19,1.1752,
2007/03/20,1.1639,
2007/03/21,1.1578,
2007/03/22,1.1576,
2007/03/23,1.1600,
2007/03/26,1.1627,
2007/03/27,1.1584,
2007/03/28,1.1580,
2007/03/29,1.1578,
2007/03/30,1.1529,
2007/04/02,1.1561,
2007/04/03,1.1573,
2007/04/04,1.1584,
2007/04/05,1.1509,
2007/04/06,na,
2007/04/09,1.1522,
2007/04/10,1.1480,
2007/04/11,1.1450,
2007/04/12,1.1363,
2007/04/13,1.1380,
2007/04/16,1.1310,
2007/04/17,1.1294,
2007/04/18,1.1288,
2007/04/19,1.1286,
2007/04/20,1.1227,
2007/04/23,1.1227,
2007/04/24,1.1229,
2007/04/25,1.1145,
2007/04/26,1.1202,
2007/04/27,1.1153,
2007/04/30,1.1067,
2007/05/01,1.1089,
2007/05/02,1.1087,
2007/05/03,1.1070,
2007/05/04,1.1069,
2007/05/07,1.1024,
2007/05/08,1.1048,
2007/05/09,1.1064,
2007/05/10,1.1073,
2007/05/11,1.1135,
2007/05/14,1.1069,
2007/05/15,1.0977,
2007/05/16,1.1029,
2007/05/17,1.0977,
2007/05/18,1.0884,
2007/05/21,na,
2007/05/22,1.0855,
2007/05/23,1.0818,
2007/05/24,1.0841,
2007/05/25,1.0796,
2007/05/28,1.0801,
2007/05/29,1.0719,
2007/05/30,1.0754,
2007/05/31,1.0699,
2007/06/01,1.0604,
2007/06/04,1.0580,
2007/06/05,1.0606,
2007/06/06,1.0586,
2007/06/07,1.0613,
2007/06/08,1.0622,
2007/06/11,1.0614,
2007/06/12,1.0635,
2007/06/13,1.0667,
2007/06/14,1.0684,
2007/06/15,1.0679,
2007/06/18,1.0721,
2007/06/19,1.0639,
2007/06/20,1.0646,
2007/06/21,1.0730,
2007/06/22,1.0676,
2007/06/25,1.0713,
2007/06/26,1.0693,
2007/06/27,1.0716,
2007/06/28,1.0627,
2007/06/29,1.0634,
2007/07/02,na,
2007/07/03,1.0596,
2007/07/04,1.0570,
2007/07/05,1.0566,
2007/07/06,1.0480,
2007/07/09,1.0479,
2007/07/10,1.0521,
2007/07/11,1.0558,
2007/07/12,1.0469,
2007/07/13,1.0477,
2007/07/16,1.0430,
2007/07/17,1.0436,
2007/07/18,1.0437,
2007/07/19,1.0426,
2007/07/20,1.0440,
2007/07/23,1.0451,
2007/07/24,1.0372,
2007/07/25,1.0425,
2007/07/26,1.0505,
2007/07/27,1.0590,
2007/07/30,1.0686,
2007/07/31,1.0657,
2007/08/01,1.0569,
2007/08/02,1.0527,
2007/08/03,1.0528,
2007/08/06,na,
2007/08/07,1.0553,
2007/08/08,1.0499,
2007/08/09,1.0565,
2007/08/10,1.0536,
2007/08/13,1.0509,
2007/08/14,1.0636,
2007/08/15,1.0746,
2007/08/16,1.0755,
2007/08/17,1.0635,
2007/08/20,1.0582,
2007/08/21,1.0601,
2007/08/22,1.0621,
2007/08/23,1.0568,
2007/08/24,1.0525,
2007/08/27,1.0516,
2007/08/28,1.0615,
2007/08/29,1.0592,
2007/08/30,1.0567,
2007/08/31,1.0564,
2007/09/03,na,
2007/09/04,1.0496,
2007/09/05,1.0508,
2007/09/06,1.0533,
2007/09/07,1.0546,
2007/09/10,1.0533,
2007/09/11,1.0431,
2007/09/12,1.0371,
2007/09/13,1.0326,
2007/09/14,1.0293,
2007/09/17,1.0308,
2007/09/18,1.0236,
2007/09/19,1.0147,
2007/09/20,1.0016,
2007/09/21,1.0009,
2007/09/24,1.0012,
2007/09/25,1.0010,
2007/09/26,1.0048,
2007/09/27,1.0031,
2007/09/28,0.9963,
2007/10/01,0.9931,
2007/10/02,1.0004,
2007/10/03,0.9961,
2007/10/04,0.9983,
2007/10/05,0.9812,
2007/10/08,na,
2007/10/09,0.9846,
2007/10/10,0.9814,
2007/10/11,0.9743,
2007/10/12,0.9739,
2007/10/15,0.9758,
2007/10/16,0.9779,
2007/10/17,0.9737,
2007/10/18,0.9734,
2007/10/19,0.9638,
2007/10/22,0.9811,
2007/10/23,0.9674,
2007/10/24,0.9712,
2007/10/25,0.9674,
2007/10/26,0.9619,
2007/10/29,0.9548,
2007/10/30,0.9535,
2007/10/31,0.9499,
2007/11/01,0.9499,
2007/11/02,0.9359,
2007/11/05,0.9339,
2007/11/06,0.9245,
2007/11/07,0.9170,
2007/11/08,0.9306,
2007/11/09,0.9391,
2007/11/12,na,
2007/11/13,0.9643,
2007/11/14,0.9607,
2007/11/15,0.9808,
2007/11/16,0.9729,
2007/11/19,0.9837,
2007/11/20,0.9850,
2007/11/21,0.9895,
2007/11/22,0.9846,
2007/11/23,0.9884,
2007/11/26,0.9877,
2007/11/27,0.9965,
2007/11/28,0.9908,
2007/11/29,0.9929,
2007/11/30,1.0008,
2007/12/03,1.0005,
2007/12/04,1.0104,
2007/12/05,1.0131,
2007/12/06,1.0124,
2007/12/07,1.0053,
2007/12/10,1.0103,
2007/12/11,1.0108,
2007/12/12,1.0107,
2007/12/13,1.0217,
2007/12/14,1.0137,
2007/12/17,1.0073,
2007/12/18,1.0105,
2007/12/19,1.0056,
2007/12/20,0.9983,
2007/12/21,0.9944,
2007/12/24,0.9871,
2007/12/25,na,
2007/12/26,na,
2007/12/27,0.9811,
2007/12/28,0.9785,
2007/12/31,0.9881,
2008/01/01,na,
2008/01/02,0.9927,
2008/01/03,0.9905,
2008/01/04,0.9991,
2008/01/07,1.0051,
2008/01/08,0.9986,
2008/01/09,1.0085,
2008/01/10,1.0139,
2008/01/11,1.0199,
2008/01/14,1.0211,
2008/01/15,1.0169,
2008/01/16,1.0239,
2008/01/17,1.0293,
2008/01/18,1.0295,
2008/01/21,1.0324,
2008/01/22,1.0253,
2008/01/23,1.0286,
2008/01/24,1.0072,
2008/01/25,1.0044,
2008/01/28,1.0044,
2008/01/29,0.9977,
2008/01/30,0.9937,
2008/01/31,1.0022,
2008/02/01,0.9943,
2008/02/04,0.9931,
2008/02/05,1.0043,
2008/02/06,1.0026,
2008/02/07,1.0115,
2008/02/08,0.9991,
2008/02/11,1.0017,
2008/02/12,0.9963,
2008/02/13,0.9995,
2008/02/14,0.9970,
2008/02/15,1.0016,
2008/02/18,1.0071,
2008/02/19,1.0160,
2008/02/20,1.0190,
2008/02/21,1.0087,
2008/02/22,1.0156,
2008/02/25,0.9980,
2008/02/26,0.9859,
2008/02/27,0.9778,
2008/02/28,0.9719,
2008/02/29,0.9798,
2008/03/03,0.9870,
2008/03/04,0.9956,
2008/03/05,0.9898,
2008/03/06,0.9848,
2008/03/07,0.9915,
2008/03/10,0.9976,
2008/03/11,0.9953,
2008/03/12,0.9897,
2008/03/13,0.9842,
2008/03/14,0.9870,
2008/03/17,0.9978,
2008/03/18,0.9938,
2008/03/19,1.0028,
2008/03/20,1.0269,
2008/03/21,na,
2008/03/24,1.0203,
2008/03/25,1.0177,
2008/03/26,1.0180,
2008/03/27,1.0147,
2008/03/28,1.0181,
2008/03/31,1.0279,
2008/04/01,1.0270,
2008/04/02,1.0177,
2008/04/03,1.0082,
2008/04/04,1.0091,
2008/04/07,1.0110,
2008/04/08,1.0150,
2008/04/09,1.0194,
2008/04/10,1.0179,
2008/04/11,1.0215,
2008/04/14,1.0208,
2008/04/15,1.0181,
2008/04/16,1.0025,
2008/04/17,1.0113,
2008/04/18,1.0084,
2008/04/21,1.0066,
2008/04/22,1.0033,
2008/04/23,1.0195,
2008/04/24,1.0132,
2008/04/25,1.0164,
2008/04/28,1.0160,
2008/04/29,1.0131,
2008/04/30,1.0095,
2008/05/01,1.0189,
2008/05/02,1.0183,
2008/05/05,1.0125,
2008/05/06,1.0035,
2008/05/07,1.0021,
2008/05/08,1.0149,
2008/05/09,1.0061,
2008/05/12,1.0039,
2008/05/13,1.0005,
2008/05/14,1.0020,
2008/05/15,0.9998,
2008/05/16,0.9968,
2008/05/19,na,
2008/05/20,0.9930,
2008/05/21,0.9844,
2008/05/22,0.9861,
2008/05/23,0.9883,
2008/05/26,0.9896,
2008/05/27,0.9932,
2008/05/28,0.9915,
2008/05/29,0.9872,
2008/05/30,0.9942,
2008/06/02,1.0013,
2008/06/03,1.0051,
2008/06/04,1.0145,
2008/06/05,1.0198,
2008/06/06,1.0187,
2008/06/09,1.0225,
2008/06/10,1.0243,
2008/06/11,1.0174,
2008/06/12,1.0232,
2008/06/13,1.0282,
2008/06/16,1.0211,
2008/06/17,1.0199,
2008/06/18,1.0186,
2008/06/19,1.0132,
2008/06/20,1.0172,
2008/06/23,1.0163,
2008/06/24,1.0136,
2008/06/25,1.0135,
2008/06/26,1.0121,
2008/06/27,1.0123,
2008/06/30,1.0186,
2008/07/01,na,
2008/07/02,1.0129,
2008/07/03,1.0206,
2008/07/04,1.0155,
2008/07/07,1.0173,
2008/07/08,1.0207,
2008/07/09,1.0108,
2008/07/10,1.0102,
2008/07/11,1.0092,
2008/07/14,1.0061,
2008/07/15,1.0020,
2008/07/16,1.0017,
2008/07/17,1.0016,
2008/07/18,1.0053,
2008/07/21,1.0021,
2008/07/22,1.0085,
2008/07/23,1.0088,
2008/07/24,1.0114,
2008/07/25,1.0164,
2008/07/28,1.0222,
2008/07/29,1.0261,
2008/07/30,1.0242,
2008/07/31,1.0257,
2008/08/01,1.0253,
2008/08/04,na,
2008/08/05,1.0426,
2008/08/06,1.0470,
2008/08/07,1.0511,
2008/08/08,1.0678,
2008/08/11,1.0676,
2008/08/12,1.0640,
2008/08/13,1.0657,
2008/08/14,1.0620,
2008/08/15,1.0609,
2008/08/18,1.0605,
2008/08/19,1.0607,
2008/08/20,1.0628,
2008/08/21,1.0456,
2008/08/22,1.0458,
2008/08/25,1.0464,
2008/08/26,1.0483,
2008/08/27,1.0486,
2008/08/28,1.0526,
2008/08/29,1.0626,
2008/09/01,na,
2008/09/02,1.0701,
2008/09/03,1.0607,
2008/09/04,1.0642,
2008/09/05,1.0641,
2008/09/08,1.0696,
2008/09/09,1.0679,
2008/09/10,1.0738,
2008/09/11,1.0796,
2008/09/12,1.0609,
2008/09/15,1.0677,
2008/09/16,1.0734,
2008/09/17,1.0783,
2008/09/18,1.0701,
2008/09/19,1.0470,
2008/09/22,1.0382,
2008/09/23,1.0355,
2008/09/24,1.0351,
2008/09/25,1.0338,
2008/09/26,1.0349,
2008/09/29,1.0394,
2008/09/30,1.0599,
2008/10/01,1.0609,
2008/10/02,1.0769,
2008/10/03,1.0812,
2008/10/06,1.1027,
2008/10/07,1.1058,
2008/10/08,1.1249,
2008/10/09,1.1486,
2008/10/10,1.1907,
2008/10/13,na,
2008/10/14,1.1602,
2008/10/15,1.1802,
2008/10/16,1.1952,
2008/10/17,1.1823,
2008/10/20,1.1976,
2008/10/21,1.2202,
2008/10/22,1.2499,
2008/10/23,1.2573,
2008/10/24,1.2732,
2008/10/27,1.2930,
2008/10/28,1.2943,
2008/10/29,1.2308,
2008/10/30,1.2221,
2008/10/31,1.2165,
2008/11/03,1.1875,
2008/11/04,1.1499,
2008/11/05,1.1596,
2008/11/06,1.1818,
2008/11/07,1.1835,
2008/11/10,1.1942,
2008/11/11,na,
2008/11/12,1.2295,
2008/11/13,1.2315,
2008/11/14,1.2247,
2008/11/17,1.2211,
2008/11/18,1.2239,
2008/11/19,1.2370,
2008/11/20,1.2855,
2008/11/21,1.2854,
2008/11/24,1.2250,
2008/11/25,1.2209,
2008/11/26,1.2342,
2008/11/27,1.2329,
2008/11/28,1.2372,
2008/12/01,1.2377,
2008/12/02,1.2421,
2008/12/03,1.2573,
2008/12/04,1.2540,
2008/12/05,1.2969,
2008/12/08,1.2572,
2008/12/09,1.2603,
2008/12/10,1.2557,
2008/12/11,1.2183,
2008/12/12,1.2452,
2008/12/15,1.2352,
2008/12/16,1.2239,
2008/12/17,1.2058,
2008/12/18,1.1965,
2008/12/19,1.2275,
2008/12/22,1.2188,
2008/12/23,1.2166,
2008/12/24,1.2125,
2008/12/25,na,
2008/12/26,na,
2008/12/29,1.2167,
2008/12/30,1.2217,
2008/12/31,1.2246,
2009/01/01,na,
2009/01/02,1.2107,
2009/01/05,1.1914,
2009/01/06,1.1823,
2009/01/07,1.1853,
2009/01/08,1.1888,
2009/01/09,1.1923,
2009/01/12,1.2077,
2009/01/13,1.2257,
2009/01/14,1.2383,
2009/01/15,1.2625,
2009/01/16,1.2542,
2009/01/19,1.2521,
2009/01/20,1.2605,
2009/01/21,1.2741,
2009/01/22,1.2630,
2009/01/23,1.2480,
2009/01/26,1.2205,
2009/01/27,1.2299,
2009/01/28,1.2098,
2009/01/29,1.2188,
2009/01/30,1.2364,
2009/02/02,1.2404,
2009/02/03,1.2337,
2009/02/04,1.2266,
2009/02/05,1.2303,
2009/02/06,1.2389,
2009/02/09,1.2192,
2009/02/10,1.2332,
2009/02/11,1.2424,
2009/02/12,1.2477,
2009/02/13,1.2433,
2009/02/16,1.2437,
2009/02/17,1.2601,
2009/02/18,1.2596,
2009/02/19,1.2595,
2009/02/20,1.2541,
2009/02/23,1.2512,
2009/02/24,1.2470,
2009/02/25,1.2556,
2009/02/26,1.2456,
2009/02/27,1.2707,
2009/03/02,1.2890,
2009/03/03,1.2938,
2009/03/04,1.2765,
2009/03/05,1.2877,
2009/03/06,1.2863,
2009/03/09,1.3000,
2009/03/10,1.2797,
2009/03/11,1.2807,
2009/03/12,1.2905,
2009/03/13,1.2749,
2009/03/16,1.2724,
2009/03/17,1.2718,
2009/03/18,1.2720,
2009/03/19,1.2325,
2009/03/20,1.2371,
2009/03/23,1.2323,
2009/03/24,1.2262,
2009/03/25,1.2245,
2009/03/26,1.2330,
2009/03/27,1.2392,
2009/03/30,1.2590,
2009/03/31,1.2602,
2009/04/01,1.2643,
2009/04/02,1.2384,
2009/04/03,1.2337,
2009/04/06,1.2429,
2009/04/07,1.2341,
2009/04/08,1.2354,
2009/04/09,1.2274,
2009/04/10,na,
2009/04/13,1.2212,
2009/04/14,1.2092,
2009/04/15,1.2038,
2009/04/16,1.2062,
2009/04/17,1.2146,
2009/04/20,1.2343,
2009/04/21,1.2358,
2009/04/22,1.2360,
2009/04/23,1.2290,
2009/04/24,1.2093,
2009/04/27,1.2107,
2009/04/28,1.2238,
2009/04/29,1.2008,
2009/04/30,1.1940,
2009/05/01,1.1872,
2009/05/04,1.1781,
2009/05/05,1.1760,
2009/05/06,1.1731,
2009/05/07,1.1714,
2009/05/08,1.1581,
2009/05/11,1.1591,
2009/05/12,1.1676,
2009/05/13,1.1683,
2009/05/14,1.1727,
2009/05/15,1.1756,
2009/05/18,na,
2009/05/19,1.1569,
2009/05/20,1.1434,
2009/05/21,1.1414,
2009/05/22,1.1233,
2009/05/25,1.1258,
2009/05/26,1.1199,
2009/05/27,1.1120,
2009/05/28,1.1124,
2009/05/29,1.0961,
2009/06/01,1.0872,
2009/06/02,1.0827,
2009/06/03,1.0976,
2009/06/04,1.0999,
2009/06/05,1.1146,
2009/06/08,1.1230,
2009/06/09,1.1041,
2009/06/10,1.1101,
2009/06/11,1.0982,
2009/06/12,1.1177,
2009/06/15,1.1341,
2009/06/16,1.1327,
2009/06/17,1.1371,
2009/06/18,1.1273,
2009/06/19,1.1287,
2009/06/22,1.1547,
2009/06/23,1.1560,
2009/06/24,1.1461,
2009/06/25,1.1580,
2009/06/26,1.1531,
2009/06/29,1.1583,
2009/06/30,1.1625,
2009/07/01,na,
2009/07/02,1.1604,
2009/07/03,1.1621,
2009/07/06,1.1612,
2009/07/07,1.1631,
2009/07/08,1.1655,
2009/07/09,1.1622,
2009/07/10,1.1650,
2009/07/13,1.1539,
2009/07/14,1.1368,
2009/07/15,1.1194,
2009/07/16,1.1171,
2009/07/17,1.1168,
2009/07/20,1.1067,
2009/07/21,1.1078,
2009/07/22,1.0981,
2009/07/23,1.0867,
2009/07/24,1.0842,
2009/07/27,1.0835,
2009/07/28,1.0880,
2009/07/29,1.0889,
2009/07/30,1.0815,
2009/07/31,1.0790,
2009/08/03,na,
2009/08/04,1.0686,
2009/08/05,1.0720,
2009/08/06,1.0759,
2009/08/07,1.0837,
2009/08/10,1.0848,
2009/08/11,1.0988,
2009/08/12,1.0875,
2009/08/13,1.0852,
2009/08/14,1.0971,
2009/08/17,1.1079,
2009/08/18,1.1036,
2009/08/19,1.0969,
2009/08/20,1.0902,
2009/08/21,1.0799,
2009/08/24,1.0742,
2009/08/25,1.0782,
2009/08/26,1.0991,
2009/08/27,1.0960,
2009/08/28,1.0879,
2009/08/31,1.0967,
2009/09/01,1.1031,
2009/09/02,1.1065,
2009/09/03,1.1034,
2009/09/04,1.0889,
2009/09/07,na,
2009/09/08,1.0764,
2009/09/09,1.0787,
2009/09/10,1.0812,
2009/09/11,1.0746,
2009/09/14,1.0857,
2009/09/15,1.0763,
2009/09/16,1.0663,
2009/09/17,1.0613,
2009/09/18,1.0724,
2009/09/21,1.0777,
2009/09/22,1.0683,
2009/09/23,1.0724,
2009/09/24,1.0869,
2009/09/25,1.0915,
2009/09/28,1.0861,
2009/09/29,1.0871,
2009/09/30,1.0722,
2009/10/01,1.0774,
2009/10/02,1.0845,
2009/10/05,1.0757,
2009/10/06,1.0571,
2009/10/07,1.0619,
2009/10/08,1.0535,
2009/10/09,1.0424,
2009/10/12,na,
2009/10/13,1.0298,
2009/10/14,1.0292,
2009/10/15,1.0303,
2009/10/16,1.0389,
2009/10/19,1.0308,
2009/10/20,1.0500,
2009/10/21,1.0412,
2009/10/22,1.0485,
2009/10/23,1.0508,
2009/10/26,1.0616,
2009/10/27,1.0648,
2009/10/28,1.0756,
2009/10/29,1.0705,
2009/10/30,1.0774,
2009/11/02,1.0743,
2009/11/03,1.0704,
2009/11/04,1.0647,
2009/11/05,1.0651,
2009/11/06,1.0720,
2009/11/09,1.0566,
2009/11/10,1.0518,
2009/11/11,na,
2009/11/12,1.0519,
2009/11/13,1.0508,
2009/11/16,1.0460,
2009/11/17,1.0592,
2009/11/18,1.0500,
2009/11/19,1.0638,
2009/11/20,1.0696,
2009/11/23,1.0551,
2009/11/24,1.0608,
2009/11/25,1.0501,
2009/11/26,1.0595,
2009/11/27,1.0624,
2009/11/30,1.0574,
2009/12/01,1.0432,
2009/12/02,1.0468,
2009/12/03,1.0542,
2009/12/04,1.0517,
2009/12/07,1.0511,
2009/12/08,1.0604,
2009/12/09,1.0552,
2009/12/10,1.0519,
2009/12/11,1.0585,
2009/12/14,1.0593,
2009/12/15,1.0620,
2009/12/16,1.0580,
2009/12/17,1.0713,
2009/12/18,1.0678,
2009/12/21,1.0594,
2009/12/22,1.0556,
2009/12/23,1.0476,
2009/12/24,1.0488,
2009/12/25,na,
2009/12/28,na,
2009/12/29,1.0405,
2009/12/30,1.0525,
2009/12/31,1.0466,
2010/01/01,na,
2010/01/04,1.0414,
2010/01/05,1.0390,
2010/01/06,1.0325,
2010/01/07,1.0350,
2010/01/08,1.0309,
2010/01/11,1.0335,
2010/01/12,1.0393,
2010/01/13,1.0306,
2010/01/14,1.0234,
2010/01/15,1.0294,
2010/01/18,1.0265,
2010/01/19,1.0307,
2010/01/20,1.0470,
2010/01/21,1.0514,
2010/01/22,1.0581,
2010/01/25,1.0581,
2010/01/26,1.0625,
2010/01/27,1.0647,
2010/01/28,1.0662,
2010/01/29,1.0693,
2010/02/01,1.0624,
2010/02/02,1.0581,
2010/02/03,1.0624,
2010/02/04,1.0727,
2010/02/05,1.0700,
2010/02/08,1.0745,
2010/02/09,1.0679,
2010/02/10,1.0630,
2010/02/11,1.0512,
2010/02/12,1.0517,
2010/02/15,1.0490,
2010/02/16,1.0435,
2010/02/17,1.0452,
2010/02/18,1.0414,
2010/02/19,1.0405,
2010/02/22,1.0426,
2010/02/23,1.0566,
2010/02/24,1.0540,
2010/02/25,1.0593,
2010/02/26,1.0525,
2010/03/01,1.0416,
2010/03/02,1.0365,
2010/03/03,1.0320,
2010/03/04,1.0306,
2010/03/05,1.0305,
2010/03/08,1.0276,
2010/03/09,1.0264,
2010/03/10,1.0259,
2010/03/11,1.0243,
2010/03/12,1.0183,
2010/03/15,1.0197,
2010/03/16,1.0140,
2010/03/17,1.0103,
2010/03/18,1.0137,
2010/03/19,1.0164,
2010/03/22,1.0188,
2010/03/23,1.0161,
2010/03/24,1.0253,
2010/03/25,1.0248,
2010/03/26,1.0267,
2010/03/29,1.0207,
2010/03/30,1.0195,
2010/03/31,1.0158,
2010/04/01,1.0084,
2010/04/02,na,
2010/04/05,1.0028,
2010/04/06,1.0012,
2010/04/07,1.0051,
2010/04/08,1.0028,
2010/04/09,1.0040,
2010/04/12,1.0033,
2010/04/13,1.0019,
2010/04/14,0.9992,
2010/04/15,1.0033,
2010/04/16,1.0132,
2010/04/19,1.0148,
2010/04/20,0.9988,
2010/04/21,0.9992,
2010/04/22,1.0000,
2010/04/23,0.9991,
2010/04/26,1.0014,
2010/04/27,1.0176,
2010/04/28,1.0088,
2010/04/29,1.0054,
2010/04/30,1.0158,
2010/05/03,1.0106,
2010/05/04,1.0250,
2010/05/05,1.0297,
2010/05/06,1.0523,
2010/05/07,1.0438,
2010/05/10,1.0243,
2010/05/11,1.0218,
2010/05/12,1.0198,
2010/05/13,1.0205,
2010/05/14,1.0317,
2010/05/17,1.0337,
2010/05/18,1.0370,
2010/05/19,1.0442,
2010/05/20,1.0678,
2010/05/21,1.0593,
2010/05/24,na,
2010/05/25,1.0700,
2010/05/26,1.0686,
2010/05/27,1.0500,
2010/05/28,1.0520,
2010/05/31,1.0435,
2010/06/01,1.0540,
2010/06/02,1.0384,
2010/06/03,1.0412,
2010/06/04,1.0607,
2010/06/07,1.0602,
2010/06/08,1.0485,
2010/06/09,1.0443,
2010/06/10,1.0312,
2010/06/11,1.0338,
2010/06/14,1.0325,
2010/06/15,1.0251,
2010/06/16,1.0254,
2010/06/17,1.0270,
2010/06/18,1.0212,
2010/06/21,1.0244,
2010/06/22,1.0291,
2010/06/23,1.0384,
2010/06/24,1.0437,
2010/06/25,1.0359,
2010/06/28,1.0358,
2010/06/29,1.0553,
2010/06/30,1.0646,
2010/07/01,na,
2010/07/02,1.0624,
2010/07/05,1.0650,
2010/07/06,1.0557,
2010/07/07,1.0478,
2010/07/08,1.0440,
2010/07/09,1.0337,
2010/07/12,1.0375,
2010/07/13,1.0337,
2010/07/14,1.0341,
2010/07/15,1.0388,
2010/07/16,1.0546,
2010/07/19,1.0549,
2010/07/20,1.0448,
2010/07/21,1.0477,
2010/07/22,1.0393,
2010/07/23,1.0361,
2010/07/26,1.0324,
2010/07/27,1.0362,
2010/07/28,1.0385,
2010/07/29,1.0362,
2010/07/30,1.0283,
2010/08/02,na,
2010/08/03,1.0239,
2010/08/04,1.0176,
2010/08/05,1.0166,
2010/08/06,1.0279,
2010/08/09,1.0267,
2010/08/10,1.0323,
2010/08/11,1.0453,
2010/08/12,1.0428,
2010/08/13,1.0415,
2010/08/16,1.0446,
2010/08/17,1.0329,
2010/08/18,1.0287,
2010/08/19,1.0392,
2010/08/20,1.0488,
2010/08/23,1.0523,
2010/08/24,1.0603,
2010/08/25,1.0608,
2010/08/26,1.0567,
2010/08/27,1.0524,
2010/08/30,1.0605,
2010/08/31,1.0665,
2010/09/01,1.0520,
2010/09/02,1.0535,
2010/09/03,1.0393,
2010/09/06,na,
2010/09/07,1.0480,
2010/09/08,1.0374,
2010/09/09,1.0337,
2010/09/10,1.0351,
2010/09/13,1.0273,
2010/09/14,1.0277,
2010/09/15,1.0264,
2010/09/16,1.0266,
2010/09/17,1.0314,
2010/09/20,1.0293,
2010/09/21,1.0268,
2010/09/22,1.0298,
2010/09/23,1.0340,
2010/09/24,1.0256,
2010/09/27,1.0283,
2010/09/28,1.0302,
2010/09/29,1.0340,
2010/09/30,1.0290,
2010/10/01,1.0205,
2010/10/04,1.0220,
2010/10/05,1.0173,
2010/10/06,1.0107,
2010/10/07,1.0185,
2010/10/08,1.0113,
2010/10/11,na,
2010/10/12,1.0106,
2010/10/13,1.0048,
2010/10/14,1.0060,
2010/10/15,1.0118,
2010/10/18,1.0141,
2010/10/19,1.0319,
2010/10/20,1.0222,
2010/10/21,1.0263,
2010/10/22,1.0269,
2010/10/25,1.0203,
2010/10/26,1.0242,
2010/10/27,1.0287,
2010/10/28,1.0215,
2010/10/29,1.0202,
2010/11/01,1.0161,
2010/11/02,1.0095,
2010/11/03,1.0068,
2010/11/04,1.0024,
2010/11/05,1.0004,
2010/11/08,1.0037,
2010/11/09,1.0074,
2010/11/10,1.0000,
2010/11/11,na,
2010/11/12,1.0091,
2010/11/15,1.0089,
2010/11/16,1.0222,
2010/11/17,1.0243,
2010/11/18,1.0215,
2010/11/19,1.0180,
2010/11/22,1.0175,
2010/11/23,1.0231,
2010/11/24,1.0111,
2010/11/25,1.0097,
2010/11/26,1.0200,
2010/11/29,1.0186,
2010/11/30,1.0266,
2010/12/01,1.0170,
2010/12/02,1.0039,
2010/12/03,1.0033,
2010/12/06,1.0053,
2010/12/07,1.0114,
2010/12/08,1.0108,
2010/12/09,1.0105,
2010/12/10,1.0094,
2010/12/13,1.0077,
2010/12/14,1.0065,
2010/12/15,1.0040,
2010/12/16,1.0059,
2010/12/17,1.0128,
2010/12/20,1.0164,
2010/12/21,1.0175,
2010/12/22,1.0142,
2010/12/23,1.0089,
2010/12/24,1.0064,
2010/12/27,na,
2010/12/28,na,
2010/12/29,1.0006,
2010/12/30,1.0000,
2010/12/31,0.9946,
2011/01/03,na,
